{
  "IcoMoonType": "selection",
  "icons": [
    {
      "icon": {
        "paths": [
          "M928 0h-832c-52.8 0-96 43.2-96 96v832c0 52.8 43.2 96 96 96h832c52.8 0 96-43.2 96-96v-832c0-52.8-43.2-96-96-96zM384 832h-128v-448h128v448zM320 320c-35.4 0-64-28.6-64-64s28.6-64 64-64c35.4 0 64 28.6 64 64s-28.6 64-64 64zM832 832h-128v-256c0-35.4-28.6-64-64-64s-64 28.6-64 64v256h-128v-448h128v79.4c26.4-36.2 66.8-79.4 112-79.4 79.6 0 144 71.6 144 160v288z"
        ],
        "tags": [
          "linkedin",
          "brand",
          "social"
        ],
        "defaultCode": 60105,
        "grid": 16,
        "attrs": []
      },
      "attrs": [],
      "properties": {
        "ligatures": "linkedin, brand64",
        "name": "linkedin",
        "order": 11,
        "id": 458,
        "prevSize": 32
      },
      "setIdx": 0,
      "setId": 1,
      "iconIdx": 457
    },
    {
      "icon": {
        "paths": [
          "M1004.692 466.394l-447.096-447.080c-25.738-25.754-67.496-25.754-93.268 0l-103.882 103.876 78.17 78.17c12.532-5.996 26.564-9.36 41.384-9.36 53.020 0 96 42.98 96 96 0 14.82-3.364 28.854-9.362 41.386l127.976 127.974c12.532-5.996 26.566-9.36 41.386-9.36 53.020 0 96 42.98 96 96s-42.98 96-96 96-96-42.98-96-96c0-14.82 3.364-28.854 9.362-41.386l-127.976-127.974c-3.042 1.456-6.176 2.742-9.384 3.876v266.968c37.282 13.182 64 48.718 64 90.516 0 53.020-42.98 96-96 96s-96-42.98-96-96c0-41.796 26.718-77.334 64-90.516v-266.968c-37.282-13.18-64-48.72-64-90.516 0-14.82 3.364-28.852 9.36-41.384l-78.17-78.17-295.892 295.876c-25.75 25.776-25.75 67.534 0 93.288l447.12 447.080c25.738 25.75 67.484 25.75 93.268 0l445.006-445.006c25.758-25.762 25.758-67.54-0.002-93.29z"
        ],
        "tags": [
          "git",
          "brand"
        ],
        "defaultCode": 60135,
        "grid": 16,
        "attrs": []
      },
      "attrs": [],
      "properties": {
        "ligatures": "git, brand80",
        "name": "git",
        "order": 10,
        "id": 488,
        "prevSize": 32
      },
      "setIdx": 0,
      "setId": 1,
      "iconIdx": 487
    }
  ],
  "height": 1024,
  "preferences": {
    "showGlyphs": true,
    "showQuickUse": true,
    "showQuickUse2": true,
    "showSVGs": true,
    "fontPref": {
      "prefix": "icon-",
      "metadata": {
        "fontFamily": "icomoon"
      },
      "metrics": {
        "emSize": 1024,
        "baseline": 6.25,
        "whitespace": 50
      },
      "embed": false
    },
    "imagePref": {
      "prefix": "icon-",
      "png": true,
      "useClassSelector": true,
      "color": 0,
      "bgColor": 16777215,
      "classSelector": ".icon",
      "name": "icomoon"
    },
    "historySize": 50,
    "showCodes": true,
    "gridSize": 16
  }
}